Arr Date,Dep Date,Ship,Berth,Port,Agent,To
Fri 01 Feb 2019 19:00,,MILDRED,BSE Maritime Solutions,Brisbane,Bhagwan Marine Brisbane,
Fri 01 Feb 2019 19:00,,MDT 1501,BSE Maritime Solutions,Brisbane,Bhagwan Marine Brisbane,
Fri 01 Mar 2019 14:50,Wed 20 Mar 2019 00:00,INCEPTION,North Anchorage 27,Hay Point,Sturrock Grindrod Maritime (Mackay),DBCT Berth 4
Fri 01 Mar 2019 17:30,Fri 15 Mar 2019 01:00,CHAMPION PULA,East Anchorage 8,Gladstone,Monson Agencies Australia (Gladstone),South Trees East
Fri 07 Dec 2018 02:20,Tue 18 Dec 2018 18:00,GALILEO,Skardon River Anchorage,Skardon River,Monson Agencies Australia (Brisbane),SEA
Fri 08 Mar 2019 10:02,Wed 20 Mar 2019 00:00,CAPE SPENCER,South Anchorage 09,Hay Point,Wilhelmsen Ships Services (Mackay),HPS Berth 1
Fri 08 Mar 2019 11:27,Wed 20 Mar 2019 12:34,CLIA,East Anchorage 2,Gladstone,Inchcape Shipping Services (Queensland),Clinton Coal
Fri 08 Mar 2019 20:45,Thu 14 Mar 2019 23:00,RIGI VENTURE,Point Cartwright Anchorage,Brisbane,Monson Agencies Australia (Brisbane),Fisherman Island General Purpose Berth
Fri 13 Jul 2018 12:43,,TOUARAKEN III,Inner Harbour Anchorage,Thursday Island,Owner / Agent / Master (Cairns),
Fri 14 Dec 2018 13:20,,PMG SWORDFISH,Townsville Marine Precinct 1,Townsville,Pacific Marine Group Pty Ltd,
Fri 14 Dec 2018 13:20,,PMG 122,Townsville Marine Precinct 1,Townsville,Pacific Marine Group Pty Ltd,
Fri 15 Dec 2017 00:30,,REEFWORLD 1,BSE Maritime Solutions,Brisbane,Pacific Tug (Australia) Pty Ltd,
Fri 15 Feb 2019 14:51,,PMG 150,Townsville Marine Precinct 1,Townsville,Pacific Marine Group Pty Ltd,
Fri 17 Aug 2018 08:20,,KOCHI,City,Brisbane,Pacific Tug (Australia) Pty Ltd,
Fri 17 Aug 2018 13:30,,PT MARY,Queensport,Brisbane,Pacific Tug (Australia) Pty Ltd,
Fri 18 Jan 2019 00:45,,BE MINE,Sailfish Quay 11,Cairns,Carter Marine Agencies,
Fri 21 Jul 2017 08:05,,SHEERLEGS,Townsville Marine Precinct 1,Townsville,Pacific Marine Group Pty Ltd,
Fri 22 Dec 2017 12:30,,AMS 1807,Cairncross  Fitting Out No 1,Brisbane,Bhagwan Marine Brisbane,
Fri 24 Nov 2017 11:30,,MALU TRADER,Admiralty Anchorage,Cairns,Sea Swift Pty Ltd,
Fri 27 Oct 2017 09:00,,AMS ORION,Townsville Marine Precinct 1,Townsville,Pacific Marine Group Pty Ltd,
Fri 27 Oct 2017 14:31,,VOYAGER,City,Brisbane,Owner / Agent / Master (Brisbane),
Fri 28 Apr 2017 10:15,,SUNLOVER PONTOON 2,Admiralty Anchorage,Cairns,Tim North Marine Pty Ltd,
Fri 28 Dec 2018 00:21,,TSA 3001,Bulk Loading Facility,Skardon River,Transhipment Services Australia Pty Ltd,
Fri 28 Dec 2018 07:53,,PROFIT RADIANCE,Bulk Loading Facility,Skardon River,Transhipment Services Australia Pty Ltd,
Mon 01 Oct 2018 12:23,,GROPER,Queensport,Brisbane,Pacific Tug (Australia) Pty Ltd,
Mon 04 Mar 2019 01:45,Tue 19 Mar 2019 00:00,DIONE,North Anchorage 09,Hay Point,LBH Australia Pty Ltd (Mackay),DBCT Berth 1
Mon 04 Mar 2019 14:35,Mon 18 Mar 2019 12:34,OLYMPIC HARMONY,Fairway Buoy Anchorage,Gladstone,Inchcape Shipping Services (Queensland),Clinton Coal
Mon 04 Mar 2019 20:36,Sun 17 Mar 2019 00:00,STAR LUNA,South Anchorage 05,Hay Point,Wilhelmsen Ships Services (Mackay),HPS Berth 3
Mon 04 Mar 2019 23:48,Wed 20 Mar 2019 00:00,RISING HIMEJI,North Anchorage 02,Hay Point,Gulf Agency Company (Mackay),DBCT Berth 3
Mon 06 Aug 2018 14:45,,QUANDAMOOKA,Toondah Harbour,Brisbane,Bhagwan Marine Brisbane,
Mon 07 Jan 2019 16:00,,SAINT VINCENT,Queensport,Brisbane,Bhagwan Marine Brisbane,
Mon 07 Mar 2016 18:36,,GIPPSLAND,Brisbane Ship Lifts,Brisbane,Owner / Agent / Master (Brisbane),
Mon 11 Jun 2018 20:30,,ASTERIA,BSE Maritime Solutions,Brisbane,Carter Marine Agencies,
Mon 11 Mar 2019 06:24,Thu 14 Mar 2019 23:00,ECO DESTINY,South Trees East,Gladstone,Monson Agencies Australia (Gladstone),SEA
Mon 11 Mar 2019 06:40,Tue 19 Mar 2019 00:00,AGIOS CHARALAMBOS,Off Shore Anchorage 09,Hay Point,Sturrock Grindrod Maritime (Mackay),DBCT Berth 1
Mon 11 Mar 2019 11:25,,PACIFIC 1801,Duck Pond,Cairns,Carpentaria Contracting,
Mon 11 Mar 2019 15:20,Sat 16 Mar 2019 12:34,LORETTA,Rivergate Yacht Marina,Brisbane,Owner / Agent / Master (Brisbane),SEA
Mon 11 Mar 2019 18:20,Fri 29 Mar 2019 00:00,CENTURION,North Anchorage 12,Hay Point,Sturrock Grindrod Maritime (Mackay),DBCT Berth 1
Mon 11 Mar 2019 23:30,Sun 17 Mar 2019 07:30,JP MAGENTA,North Anchorage 22,Hay Point,Gulf Agency Company (Mackay),DBCT Berth 1
Mon 11 Mar 2019 23:52,Thu 14 Mar 2019 18:00,BBC ALBERTA,Cairns 07 Wharf,Cairns,Gulf Agency Company (Northern Ports),Cairns Anchorage
Mon 16 Apr 2018 08:20,,WIDE BAY,Queensport,Brisbane,Pacific Tug (Australia) Pty Ltd,
Mon 16 Jul 2018 06:43,,ENDURANCE III,Cora Bank South Channel,Weipa,Toll Energy and Marine Logistics (Cairns & Townsville),
Mon 16 Jul 2018 20:20,,MDT 82,Queensport,Brisbane,Bhagwan Marine Brisbane,
Mon 17 Jul 2017 11:40,,M 1201,Clinton Swing Basin Anchorage,Gladstone,Wilhelmsen Ships Service (Gladstone),
Mon 17 Jul 2017 13:05,,PORT FREDERICK,Toondah Harbour,Brisbane,Owner / Agent / Master (Brisbane),
Mon 17 Jul 2017 22:03,,BHAGWAN JACKAL,Queensport,Brisbane,Bhagwan Marine Brisbane,
Mon 17 Jul 2017 22:08,,MDT RELIANCE,Queensport,Brisbane,Bhagwan Marine Brisbane,
Mon 18 Apr 2016 18:40,,AQUANE,Queensport,Brisbane,Wave Shipping Pty Ltd,
Mon 18 Feb 2019 09:30,Mon 18 Mar 2019 09:00,PMG EMERALD,Slipway,Mackay,Pacific Marine Group Pty Ltd,SEA MKY
Mon 18 Feb 2019 11:09,,SEALIFT 4,Tug Harbour Lease A,Hay Point,Owner / Agent / Master (Mackay),
Mon 18 Feb 2019 11:30,Thu 21 Mar 2019 00:00,KM KOBE,Abbot Point Anchorage,Abbot Point,Inchcape Shipping Services (Queensland),Abbot Point To Be Confirmed
Mon 19 Nov 2018 16:50,,PMG 121,Townsville Marine Precinct 1,Townsville,Pacific Marine Group Pty Ltd,
Mon 21 Jan 2019 10:15,,PURSUIT,Gold Coast City Marina,Southport,Australian Superyacht Services Queensland Pty Ltd,
Mon 25 Feb 2019 18:45,Tue 19 Mar 2019 00:00,ENERGY TRITON,North Anchorage 24,Hay Point,Monson Agencies Australia (Mackay),DBCT Berth 1
Mon 25 Jun 2018 15:00,,NAUTILUS,Fisherman Island Pump Out,Brisbane,Bhagwan Marine Brisbane,
Mon 26 Nov 2018 16:51,,CORAL EXPEDITIONS,Cairns 01 Wharf,Cairns,Coral Expeditions,
Mon 27 Feb 2017 16:02,,NUGINISTAR,Marina,Gladstone,Owner / Agent / Master (Gladstone),
Mon 28 May 2018 10:00,,ALAN TICEHURST,Townsville Marine Precinct 1,Townsville,Port of Townsville Limited,
Mon 28 May 2018 10:00,,MAX HOOPER,Townsville Marine Precinct 1,Townsville,Port of Townsville Limited,
Sat 05 Nov 2016 14:54,,FURY,Queensport,Brisbane,Owner / Agent / Master (Brisbane),
Sat 07 Jul 2018 14:27,,COBIA,Queensport,Brisbane,Pacific Tug (Australia) Pty Ltd,
Sat 09 Feb 2019 14:54,,SEA FORCE,Queensport,Brisbane,Bhagwan Marine Brisbane,
Sat 09 Feb 2019 14:54,,CASILIS,Queensport,Brisbane,Bhagwan Marine Brisbane,
Sat 09 Mar 2019 19:21,Fri 15 Mar 2019 19:30,INTERLINK MOBILITY,Townsville 10,Townsville,Townsville Shipping Agencies (Townsville),SEA
Sat 09 Mar 2019 19:52,Tue 19 Mar 2019 12:34,CAPE FUSHEN,North Anchorage 3,Gladstone,Monson Agencies Australia (Gladstone),Clinton Coal
Sat 09 Mar 2019 23:56,Fri 15 Mar 2019 17:30,AFRICAN JAY,Wagners,Brisbane,Wagners Cement,SEA
Sat 12 Aug 2017 19:00,,MORETON,Queensport,Brisbane,Pacific Tug (Australia) Pty Ltd,
Sat 14 Jul 2018 09:00,,PMG HARMONY,Townsville Marine Precinct 1,Townsville,Pacific Marine Group Pty Ltd,
Sat 14 Jul 2018 17:38,,LARCOM,Marina,Gladstone,Inchcape Shipping Services (Queensland),
Sat 15 Sep 2018 21:59,,RHUMB 4113,Queensport,Brisbane,Bhagwan Marine Brisbane,
Sat 16 Dec 2017 19:30,,SOUTHERN CLOUD,Rivergate Yacht Marina,Brisbane,Owner / Agent / Master (Brisbane),
Sat 16 Feb 2019 15:36,,HANDY STRANGER,Anchorage Roadstead,Karumba,Inchcape Shipping Services (Queensland),
Sat 17 Nov 2018 13:00,,BRIBIE,Raptis Trawler Berths,Brisbane,Pacific Tug (Aust) PTY LTD,
Sat 23 Feb 2019 04:40,Tue 19 Mar 2019 00:00,FLAG TRIAS,North Anchorage 21,Hay Point,Monson Agencies Australia (Mackay),DBCT Berth 1
Sat 23 Feb 2019 21:42,Thu 28 Mar 2019 00:00,HYUNDAI VISION,North Anchorage 05,Hay Point,LBH Australia Pty Ltd (Mackay),DBCT Berth 1
Sat 24 Feb 2018 08:28,,WIGGINS SUPPLIER,Admiralty Anchorage,Cairns,East Coast Maritime Pty Ltd,
Sat 25 Aug 2018 16:45,,COOCHIE,Queensport,Brisbane,Bhagwan Marine Brisbane,
Sat 29 Oct 2016 09:12,,COMAL III,NQEA Cairns Slipway,Cairns,Sea Swift Pty Ltd,
Sun 02 Dec 2018 06:00,Mon 10 Dec 2018 15:00,KALEY,Skardon River Anchorage,Skardon River,Monson Agencies Australia (Brisbane),SEA
Sun 02 Sep 2018 21:37,,EVERGLADE,Admiralty Anchorage,Cairns,Carpentaria Contracting,
Sun 03 Mar 2019 01:06,,WUNMA,MMG Export Wharf,Karumba,P&O Maritime Karumba,
Sun 03 Mar 2019 14:30,Thu 14 Mar 2019 17:30,ANNA G.,Abbot Point Anchorage,Abbot Point,Sturrock Grindrod Maritime (Northern Ports),Abbot Point 1
Sun 03 Mar 2019 17:30,Wed 27 Mar 2019 00:00,FPMC B 108,Off Shore Anchorage 08,Hay Point,LBH Australia Pty Ltd (Mackay),HPS Berth 1
Sun 03 Mar 2019 23:00,Tue 19 Mar 2019 00:00,CAPE EMERALD,North Anchorage 28,Hay Point,Monson Agencies Australia (Mackay),DBCT Berth 3
Sun 06 Aug 2017 14:58,,SLEDGEHAMMER,Clinton Swing Basin Anchorage,Gladstone,Owner / Agent / Master (Gladstone),
Sun 06 Jan 2019 00:30,,ANDO,Queensport,Brisbane,Bhagwan Marine Brisbane,
Sun 06 Jan 2019 00:30,,PM SOUTH,Queensport,Brisbane,Bhagwan Marine Brisbane,
Sun 08 Jul 2018 15:15,,LEONORA,Queensport,Brisbane,Bhagwan Marine Brisbane,
Sun 09 Sep 2018 06:30,,REEF HAVEN,Admiralty Anchorage,Cairns,Tim North Marine Pty Ltd,
Sun 10 Feb 2019 21:42,Sun 17 Mar 2019 00:00,CAPE PROGRESS,North Anchorage 20,Hay Point,Monson Agencies Australia (Mackay),DBCT Berth 1
Sun 10 Mar 2019 00:24,Thu 21 Mar 2019 00:00,SHINYO ENDEAVOUR,Abbot Point Anchorage,Abbot Point,Inchcape Shipping Services (Queensland),Abbot Point To Be Confirmed
Sun 10 Mar 2019 10:42,Wed 20 Mar 2019 12:34,SEA TRIUMPH,North Anchorage 2,Gladstone,Monson Agencies Australia (Gladstone),Clinton Coal
Sun 10 Mar 2019 14:58,Thu 28 Mar 2019 00:00,D SKALKEAS,South Anchorage 06,Hay Point,Wilhelmsen Ships Services (Mackay),HPS Berth 2
Sun 10 Mar 2019 19:00,Thu 14 Mar 2019 23:59,ISLAND BAY,Fisherman Island General Purpose Berth,Brisbane,Wave Shipping Pty Ltd,SEA
Sun 10 Mar 2019 21:37,Wed 27 Mar 2019 00:00,JIN QI,South Anchorage 10,Hay Point,Inchcape Shipping Services (Queensland),DBCT Berth 1
Sun 11 Nov 2018 16:00,,MDT 81,Queensport,Brisbane,Bhagwan Marine Brisbane,
Sun 12 Jun 2016 21:38,,SL KOUMALA,Raptis Trawler Berths,Brisbane,Owner / Agent / Master (Brisbane),
Sun 17 Feb 2019 13:39,Tue 19 Mar 2019 00:00,OCEAN CREATION,North Anchorage 14,Hay Point,Inchcape Shipping Services (Queensland),DBCT Berth 1
Sun 20 May 2018 18:00,,PACIFIC TITAN,Marina,Gladstone,Fodico Pty Ltd,
Sun 20 May 2018 18:00,,TARGETLINE 1201,Marina,Gladstone,Fodico Pty Ltd,
Sun 20 May 2018 19:55,,RAPID INTERCEPTOR,Skardon River Anchorage,Skardon River,Transhipment Services Australia Pty Ltd,
Sun 23 Dec 2018 06:35,,PMG SAILFISH,Townsville Marine Precinct 1,Townsville,Pacific Marine Group Pty Ltd,
Sun 23 Dec 2018 06:35,,PMG 123,Townsville Marine Precinct 1,Townsville,Pacific Marine Group Pty Ltd,
Sun 25 Nov 2018 16:06,,MAEVE ANNE,Queensport,Brisbane,Bhagwan Marine Brisbane,
Sun 30 Dec 2018 19:00,,SAMSON 7,Bulk Loading Facility,Skardon River,Transhipment Services Australia Pty Ltd,
Thu 01 Nov 2018 07:16,,MERMAID CHIEFTAN,NQEA Cairns Slipway,Cairns,Coral Coast Oceaneering Pty Ltd,
Thu 01 Nov 2018 07:16,,REEFWORLD 2,NQEA Cairns Slipway,Cairns,Coral Coast Oceaneering Pty Ltd,
Thu 04 Aug 2016 14:00,,SUNRISE,Queensport,Brisbane,Bhagwan Marine Brisbane,
Thu 04 Jan 2018 12:30,,TEMPLE BAY,Admiralty Anchorage,Cairns,Sea Swift Pty Ltd,
Thu 06 Dec 2018 16:00,,CHARLIE GRACE,Rivergate Yacht Marina,Brisbane,Owner / Agent / Master (Brisbane),
Thu 07 Feb 2019 00:10,Wed 27 Mar 2019 00:00,NAVIOS ALTAIR I,Off Shore Anchorage 18,Hay Point,Inchcape Shipping Services (Queensland),DBCT Berth 1
Thu 07 Feb 2019 03:00,Thu 21 Mar 2019 00:00,AQUA HONOR,Off Shore Anchorage 13,Hay Point,LBH Australia Pty Ltd (Mackay),DBCT Berth 1
Thu 07 Feb 2019 12:30,,IRONCLAD 1,Hey River,Weipa,Nathan River Resources Logistics,
Thu 07 Mar 2019 02:48,Sun 17 Mar 2019 00:00,SEA RISING,North Anchorage 18,Hay Point,Wilhelmsen Ships Services (Mackay),DBCT Berth 3
Thu 07 Mar 2019 05:54,Sat 23 Mar 2019 00:00,AFRICAN BLUE CRANE,North Anchorage 25,Hay Point,LBH Australia Pty Ltd (Mackay),DBCT Berth 1
Thu 07 Mar 2019 09:36,Sun 17 Mar 2019 09:00,KENAN,Anchorage ^B,Weipa,Wilhelmsen Ships Service (Weipa),Lorim West
Thu 07 Mar 2019 11:11,,GABO,Cairns 06 Wharf,Cairns,Svitzer Tugs (Cairns Region),
Thu 07 Mar 2019 11:11,,GHT 22,Cairns 06 Wharf,Cairns,Svitzer Tugs (Cairns Region),
Thu 07 Mar 2019 12:42,Sat 23 Mar 2019 11:00,GENCO THUNDER,North Anchorage 15,Hay Point,Sturrock Grindrod Maritime (Mackay),DBCT Berth 1
Thu 07 Mar 2019 15:40,Thu 21 Mar 2019 15:00,ARION,Tropical Reef Slipway,Cairns,Sea Swift Pty Ltd,SEA
Thu 07 Mar 2019 16:25,Fri 22 Mar 2019 00:00,HL GLADSTONE,North Anchorage 13,Hay Point,LBH Australia Pty Ltd (Mackay),DBCT Berth 1
Thu 07 Mar 2019 23:40,Tue 19 Mar 2019 00:00,AQUAVOYAGEURS,Off Shore Anchorage 07,Hay Point,LBH Australia Pty Ltd (Mackay),HPS Berth 3
Thu 14 Feb 2019 17:40,Thu 21 Mar 2019 00:00,MARTINE,Abbot Point Anchorage,Abbot Point,Monson Agencies Australia (Townsville & Abbot Point),Abbot Point To Be Confirmed
Thu 14 Feb 2019 20:40,,HT SALUTE,Queensport,Brisbane,East Coast Maritime Pty Ltd,
Thu 14 Feb 2019 20:40,,STEEL RANGER,Queensport,Brisbane,East Coast Maritime Pty Ltd,
Thu 14 Mar 2019 01:00,Mon 18 Mar 2019 12:34,XING NING HAI,Cement Australia Berth,Brisbane,Wave Shipping Pty Ltd,SEA
Thu 14 Mar 2019 01:25,Tue 19 Mar 2019 00:00,INA,North Anchorage 07,Hay Point,LBH Australia Pty Ltd (Mackay),DBCT Berth 2
Thu 14 Mar 2019 03:30,Sat 16 Mar 2019 06:00,TIAN LU HAI,HPS Berth 3,Hay Point,Gulf Agency Company (Mackay),SEA Channel Departure
Thu 14 Mar 2019 05:06,Thu 14 Mar 2019 16:07,STAATEN RIVER,Duck Pond,Cairns,Sea Swift Pty Ltd,Cairns 01 Wharf
Thu 14 Mar 2019 05:06,,CHRYSUS,Duck Pond,Cairns,Sea Swift Pty Ltd,
Thu 14 Mar 2019 05:09,Thu 14 Mar 2019 23:00,ST. PAULI,Townsville 01,Townsville,Gulf Agency Company (Northern Ports),SEA
Thu 14 Mar 2019 05:43,Fri 15 Mar 2019 08:00,FSL HAMBURG,Auckland Point 3,Gladstone,Gulf Agency Company (Gladstone),SEA
Thu 14 Mar 2019 06:25,,BRUCE,Marina,Gladstone,Curtis Island Service Pty Ltd ,
Thu 14 Mar 2019 06:50,Fri 15 Mar 2019 10:30,SCF MITRE,Queensland Curtis LNG,Gladstone,Gulf Agency Company (Gladstone),SEA
Thu 14 Mar 2019 06:59,Fri 15 Mar 2019 09:00,OCEAN UTE,Townsville 03 South,Townsville,Wilhelmsen Ships Service (Townsville),SEA
Thu 14 Mar 2019 07:05,Thu 14 Mar 2019 17:30,PACIFIC DAWN,Pioneer Bay,Whitsunday,Inchcape Shipping Services (Queensland),SEA WHIT
Thu 14 Mar 2019 07:15,Fri 15 Mar 2019 07:00,TYANA,HPS Berth 1,Hay Point,LBH Australia Pty Ltd (Mackay),SEA Paddock Departure
Thu 14 Mar 2019 07:48,Fri 15 Mar 2019 17:00,RED LOTUS,South Anchorage 12,Hay Point,Wilhelmsen Ships Services (Mackay),HPS Berth 2
Thu 14 Mar 2019 07:53,Thu 14 Mar 2019 10:45,NEWCASTLE BAY,Cairns 10 Wharf,Cairns,Sea Swift Pty Ltd,Cairns 04 Wharf
Thu 14 Mar 2019 08:32,Sat 16 Mar 2019 08:00,HEBEI XINGTAI,Anchorage ^D,Weipa,Wilhelmsen Ships Service (Weipa),Lorim West
Thu 14 Mar 2019 09:11,Fri 15 Mar 2019 16:30,TOLL FIREFLY,Cairns 08 Wharf,Cairns,Toll Energy and Marine Logistics (Cairns & Townsville),Duck Pond
Thu 14 Mar 2019 09:20,Sat 16 Mar 2019 09:30,JIN HANG,Lorim East,Weipa,Wilhelmsen Ships Service (Weipa),SEA
Thu 14 Mar 2019 09:24,Fri 15 Mar 2019 23:00,JOHN WULFF,Clinton Coal 3,Gladstone,Sturrock Grindrod Maritime (Gladstone),SEA
Thu 14 Mar 2019 09:30,Mon 18 Mar 2019 12:34,ADELIE,Fisherman Island Coal Berth,Brisbane,Wave Shipping Pty Ltd,Cement Australia Berth
Thu 14 Mar 2019 09:35,Fri 15 Mar 2019 12:00,ULTRA DANIELA,WICET,Gladstone,Monson Agencies Australia (Gladstone),SEA
Thu 14 Mar 2019 10:00,Sat 16 Mar 2019 07:00,SOFRANA TOURVILLE,Fisherman Island No 2,Brisbane,ANL Container Line Pty Ltd,SEA
Thu 14 Mar 2019 10:03,Thu 14 Mar 2019 14:10,SEAFLIGHT,REEF,Whitsunday,Owner / Agent / Master (Mackay),Hamilton Island
Thu 14 Mar 2019 10:54,Thu 14 Mar 2019 15:00,TRINITY BAY,Horn Island,Thursday Island,Sea Swift Pty Ltd,Main Jetty
Thu 14 Mar 2019 11:30,Fri 15 Mar 2019 04:15,NORMAN RIVER,Admiralty Anchorage,Cairns,Sea Swift Pty Ltd,Duck Pond
Thu 14 Mar 2019 11:30,,CARCINOS,Admiralty Anchorage,Cairns,Sea Swift Pty Ltd,
Thu 14 Mar 2019 11:35,Thu 14 Mar 2019 12:00,FOURCROY,Horn Island Barge Ramp,Thursday Island,Sea Swift Pty Ltd,SEA
Thu 14 Mar 2019 12:00,Sun 17 Mar 2019 00:00,THORCO DELTA,Townsville Anchorage 06,Townsville,Townsville Shipping Agencies (Townsville),SEA
Thu 14 Mar 2019 13:30,Fri 15 Mar 2019 02:00,GOLDEN UNITY,Incitec North,Brisbane,Sturrock Grindrod Maritime (Brisbane),SEA
Thu 14 Mar 2019 14:00,Sat 16 Mar 2019 04:00,ARAWANA,Pinkenba No 1,Brisbane,Wave Shipping Pty Ltd,SEA
Thu 15 Nov 2018 08:01,,TIONG WOON 35,Admiralty Anchorage,Cairns,Bhagwan Marine,
Thu 15 Nov 2018 14:51,,ST 47,Bulk Loading Facility,Skardon River,Transhipment Services Australia Pty Ltd,
Thu 16 Aug 2018 10:18,,BHAGWAN HOUTMAN,Hey River,Weipa,Bhagwan Marine,
Thu 16 Aug 2018 11:30,,CALLIOPE 1,City,Brisbane,Bhagwan Marine Brisbane,
Thu 16 Aug 2018 15:00,,ALLUNGA,Queensport,Brisbane,Bhagwan Marine Brisbane,
Thu 21 Feb 2019 10:50,,SEPFUJI,HPS Trestle,Hay Point,Owner / Agent / Master (Mackay),
Thu 25 Oct 2018 17:32,,TRITON,Hayman Is,Whitsunday,Owner / Agent / Master (Mackay),
Thu 27 Dec 2018 20:55,,TSA 2303,Bulk Loading Facility,Skardon River,Transhipment Services Australia Pty Ltd,
Thu 28 Feb 2019 09:45,Mon 18 Mar 2019 12:34,NISSAKI,East Anchorage 3,Gladstone,Sturrock Grindrod Maritime (Gladstone),Clinton Coal
Thu 28 Feb 2019 10:35,Mon 25 Mar 2019 12:34,ASPHALT SPIRIT,Ship to ship Transfer Anchorage #1,Brisbane,Gulf Agency Company (Brisbane),Ship to ship Transfer Anchorage #1
Thu 28 Feb 2019 13:38,,WARRENDER,Admiralty Anchorage,Cairns,Sea Swift Pty Ltd,
Thu 28 Feb 2019 17:30,,STRAIT SHOOTER,NQEA Cairns Slipway,Cairns,Carpentaria Contracting,
Thu 28 Feb 2019 17:30,,CARPENTARIA CONSTRUCTOR,NQEA Cairns Slipway,Cairns,Carpentaria Contracting,
Thu 28 Feb 2019 19:54,Thu 21 Mar 2019 00:00,YM ENDEAVOUR,Abbot Point Anchorage,Abbot Point,Monson Agencies Australia (Townsville & Abbot Point),Abbot Point To Be Confirmed
Thu 28 Feb 2019 20:36,Mon 25 Mar 2019 00:00,VISHVA VIJAY,North Anchorage 17,Hay Point,Monson Agencies Australia (Mackay),DBCT Berth 1
Thu 31 Jan 2019 14:30,,LAURIE M,Queensport,Brisbane,Bhagwan Marine Brisbane,
Thu 31 Jan 2019 14:30,,CUSTER,Queensport,Brisbane,Bhagwan Marine Brisbane,
Thu 31 May 2018 22:01,,KAPETAN NONDAS,Barge Berth Townsville,Townsville,Townsville Shipping Agencies (Townsville),
Tue 02 May 2017 13:05,,ENDEAVOUR PEARL,Marina,Mackay,Wilhelmsen Ships Services (Mackay),
Tue 02 Oct 2018 11:44,,SSB 1803,Humbug Barge Ramp,Weipa,Carpentaria Contracting,
Tue 02 Oct 2018 15:09,,CONSTRUCTOR 1,Humbug Barge Ramp,Weipa,Carpentaria Contracting,
Tue 05 Dec 2017 10:47,,TATEYAMA MARU,Townsville Marine Precinct 1,Townsville,Pacific Marine Group Pty Ltd,
Tue 05 Jun 2018 00:50,,STRADBROKE,Queensport,Brisbane,Pacific Tug (Australia) Pty Ltd,
Tue 05 Mar 2019 15:20,Tue 26 Mar 2019 00:00,KUMANO MARU,North Anchorage 10,Hay Point,Gulf Agency Company (Mackay),DBCT Berth 3
Tue 05 Mar 2019 16:00,Thu 21 Mar 2019 00:00,SHOYOH,North Anchorage 29,Hay Point,Gulf Agency Company (Mackay),DBCT Berth 2
Tue 05 Mar 2019 16:45,Thu 14 Mar 2019 14:00,W-SMASH,Abbot Point Anchorage,Abbot Point,Gulf Agency Company (Mackay),Abott Point 2
Tue 05 Mar 2019 20:02,Thu 28 Mar 2019 00:00,PELLA,Off Shore Anchorage 14,Hay Point,Gulf Agency Company (Mackay),HPS Berth 2
Tue 05 Mar 2019 22:17,Sat 23 Mar 2019 12:34,FARAH LOUISE,East Anchorage 12,Gladstone,LBH Australia Pty Ltd (Gladstone),Clinton Coal
Tue 12 Feb 2019 02:30,Tue 19 Mar 2019 00:00,ATROTOS HERACLES,North Anchorage 08,Hay Point,Wilhelmsen Ships Services (Mackay),DBCT Berth 1
Tue 12 Feb 2019 10:30,Thu 21 Mar 2019 00:00,W-STAR,North Anchorage 11,Hay Point,Monson Agencies Australia (Mackay),DBCT Berth 3
Tue 12 Feb 2019 14:48,Sun 17 Mar 2019 00:00,BLUE LHOTSE,North Anchorage 04,Hay Point,Ben Line Agencies,DBCT Berth 2
Tue 12 Mar 2019 00:30,Fri 15 Mar 2019 18:00,MOLENGRACHT,Fisherman Island No 1,Brisbane,Asiaworld Shipping (Multi Regions),SEA
Tue 12 Mar 2019 08:48,Fri 15 Mar 2019 20:00,PEAK SPIRIT,Caltex Fisherman Island,Brisbane,Gulf Agency Company (Brisbane),Ship to ship Transfer Anchorage #1
Tue 12 Mar 2019 11:04,Sat 16 Mar 2019 08:00,PARIS TRADER,Fisherman Island No 3,Brisbane,China Navigation Company Pty Ltd (Brisbane),SEA
Tue 12 Mar 2019 12:10,Wed 20 Mar 2019 12:34,SHIN KORYU,North Anchorage 5,Gladstone,Inchcape Shipping Services (Queensland),Clinton Coal
Tue 12 Mar 2019 12:36,,KNIGHT WATCH,Admiralty Anchorage,Cairns,Carpentaria Contracting,
Tue 12 Mar 2019 12:36,,SSB 1802,Admiralty Anchorage,Cairns,Carpentaria Contracting,
Tue 12 Mar 2019 13:54,Thu 14 Mar 2019 16:24,HL POWER,Abbot Point 1,Abbot Point,Monson Agencies Australia (Townsville & Abbot Point),SEA
Tue 12 Mar 2019 15:30,Mon 18 Mar 2019 00:00,ALPHA COSMOS,North Anchorage 16,Hay Point,LBH Australia Pty Ltd (Mackay),DBCT Berth 1
Tue 12 Mar 2019 16:20,Fri 15 Mar 2019 04:00,LOWLANDS ENERGY,South Trees West,Gladstone,Wilhelmsen Ships Service (Gladstone),SEA
Tue 12 Mar 2019 17:41,,KOGARAH,Horn Island Anchorage,Thursday Island,Sea Swift Pty Ltd,
Tue 12 Mar 2019 18:00,Wed 20 Mar 2019 00:00,CAPE HOPE,South Anchorage 14,Hay Point,Monson Agencies Australia (Mackay),HPS Berth 2
Tue 12 Mar 2019 18:30,Thu 28 Mar 2019 00:00,CHORUS,South Anchorage 11,Hay Point,Inchcape Shipping Services (Queensland),HPS Berth 1
Tue 12 Mar 2019 20:24,Fri 15 Mar 2019 10:45,ROSCO OLIVE,Clinton Coal 2,Gladstone,Sturrock Grindrod Maritime (Gladstone),SEA
Tue 12 Mar 2019 22:55,Mon 18 Mar 2019 00:00,HL BORYEONG,North Anchorage 19,Hay Point,LBH Australia Pty Ltd (Mackay),DBCT Berth 3
Tue 17 Jul 2018 16:35,,BARU,Tropical Reef Slipway,Cairns,Swiss Aluminium Australia Ltd,
Tue 18 Dec 2018 14:40,,BRISBANE,Fisherman Island Pump Out,Brisbane,Port of Brisbane Pty Ltd,
Tue 19 Feb 2019 08:27,Fri 15 Mar 2019 10:00,BLACK PANTHER,Townsville Marine Precinct 1,Townsville,Pacific Marine Group Pty Ltd,SEA
Tue 19 Feb 2019 08:27,Fri 15 Mar 2019 10:00,PMG 183W,Townsville Marine Precinct 1,Townsville,Pacific Marine Group Pty Ltd,SEA
Tue 19 Feb 2019 10:30,,SURI,Gold Coast City Marina,Southport,Major Yacht Services (Brisbane),
Tue 23 Oct 2018 01:52,,HEART ISLAND,Hardy Reef,Whitsunday,Owner / Agent / Master (Mackay),
Tue 26 Feb 2019 11:26,Sat 16 Mar 2019 05:30,MEHMED FATIH,Off Shore Anchorage 10,Hay Point,LBH Australia Pty Ltd (Mackay),HPS Berth 3
Tue 29 Jan 2019 17:25,,P. RELIANCE,Bulk Loading Facility,Skardon River,Transhipment Services Australia Pty Ltd,
Wed 03 May 2017 20:25,,PT NAUTILUS,Raptis Trawler Berths,Brisbane,Pacific Tug (Australia) Pty Ltd,
Wed 03 Oct 2018 08:50,,PMG 124,Townsville Marine Precinct 1,Townsville,Pacific Marine Group Pty Ltd,
Wed 03 Oct 2018 11:30,,PMG 151,Townsville Marine Precinct 1,Townsville,Pacific Marine Group Pty Ltd,
Wed 04 Apr 2018 18:00,,PLATINUM,Rivergate Yacht Marina,Brisbane,Owner / Agent / Master (Brisbane),
Wed 05 Dec 2018 20:22,,KARAMA,Bulk Loading Facility,Skardon River,Transhipment Services Australia Pty Ltd,
Wed 05 Jul 2017 08:50,,MORETON ESCAPE,Toondah Harbour,Brisbane,Stradbroke Ferries Limited,
Wed 05 Sep 2018 14:24,,MDT1801,Queensport,Brisbane,Bhagwan Marine Brisbane,
Wed 06 Mar 2019 09:30,Sun 24 Mar 2019 00:00,ORIENT ANGEL,North Anchorage 03,Hay Point,Gulf Agency Company (Mackay),DBCT Berth 3
Wed 06 Mar 2019 15:17,Fri 29 Mar 2019 00:00,PRABHU DAS,North Anchorage 23,Hay Point,LBH Australia Pty Ltd (Mackay),DBCT Berth 1
Wed 06 Mar 2019 23:59,Tue 19 Mar 2019 12:34,MG HAMMOND,East Anchorage 10,Gladstone,Monson Agencies Australia (Gladstone),Clinton Coal
Wed 10 Oct 2018 10:30,,PT ZARKA,Raptis Trawler Berths,Brisbane,Pacific Tug (Aust) PTY LTD,
Wed 10 Oct 2018 10:30,,COONGAN,Raptis Trawler Berths,Brisbane,Pacific Tug (Aust) PTY LTD,
Wed 10 Oct 2018 13:48,,CORUNNA,Raptis Trawler Berths,Brisbane,Pacific Tug (Aust) PTY LTD,
Wed 12 Dec 2018 17:00,,PACIFIC INVESTIGATOR,Admiralty Anchorage,Cairns,Carpentaria Contracting,
Wed 13 Feb 2019 01:30,Sat 30 Mar 2019 00:00,ALAM PINTAR,North Anchorage 01,Hay Point,LBH Australia Pty Ltd (Mackay),DBCT Berth 1
Wed 13 Feb 2019 01:35,,PT MONTO,Rivergate Yacht Marina,Brisbane,Pacific Tug (Aust) PTY LTD,
Wed 13 Feb 2019 01:35,,H1201,Rivergate Yacht Marina,Brisbane,Pacific Tug (Aust) PTY LTD,
Wed 13 Feb 2019 09:26,,GULF EXPLORER,Admiralty Anchorage,Cairns,Tim North Marine Pty Ltd,
Wed 13 Feb 2019 09:26,,NORMAN REEF PONTOON,Admiralty Anchorage,Cairns,Tim North Marine Pty Ltd,
Wed 13 Feb 2019 15:20,Fri 15 Mar 2019 10:30,SOROCO,Abbot Point Anchorage,Abbot Point,LBH Australia Pty Ltd (Mackay),Abott Point 2
Wed 13 Mar 2019 00:44,Fri 15 Mar 2019 06:00,ILLAWARRA FORTUNE,North Anchorage 7,Gladstone,Wilhelmsen Ships Service (Gladstone),South Trees West
Wed 13 Mar 2019 01:30,Thu 14 Mar 2019 22:00,STI PONTIAC,Caltex Products,Brisbane,Gulf Agency Company (Brisbane),SEA
Wed 13 Mar 2019 03:00,Wed 20 Mar 2019 12:34,HAKUTA,North Anchorage 9,Gladstone,Monson Agencies Australia (Gladstone),Clinton Coal
Wed 13 Mar 2019 03:42,Thu 14 Mar 2019 13:00,SARGAM,North Anchorage 6,Gladstone,Wilhelmsen Ships Service (Gladstone),Fishermans Landing 1
Wed 13 Mar 2019 04:14,Sun 17 Mar 2019 00:00,KM NAGOYA,South Anchorage 13,Hay Point,Wilhelmsen Ships Services (Mackay),HPS Berth 1
Wed 13 Mar 2019 06:00,Fri 15 Mar 2019 06:30,DUHALLOW,South Anchorage 02,Hay Point,LBH Australia Pty Ltd (Mackay),HPS Berth 1
Wed 13 Mar 2019 07:06,Tue 19 Mar 2019 12:34,ROSTELLA,Point Cartwright Anchorage,Brisbane,Gulf Agency Company (Brisbane),Fisherman Island General Purpose Berth
Wed 13 Mar 2019 07:48,Fri 15 Mar 2019 15:15,HIGH BEAM,East Anchorage 5,Gladstone,Gulf Agency Company (Gladstone),Auckland Point 3
Wed 13 Mar 2019 08:55,,KESTREL BAY,Cairns 03 Wharf,Cairns,Sea Swift Pty Ltd,
Wed 13 Mar 2019 09:12,Thu 14 Mar 2019 21:45,RTM FLINDERS,Lorim West,Weipa,Wilhelmsen Ships Service (Weipa),SEA
Wed 13 Mar 2019 09:17,Wed 20 Mar 2019 12:34,WHITE ROSE,North Anchorage 1,Gladstone,LBH Australia Pty Ltd (Gladstone),Clinton Coal
Wed 13 Mar 2019 09:36,Fri 15 Mar 2019 17:10,KEREMA CHIEF,Smiths Creek 1,Cairns,Sea Swift Pty Ltd,SEA
Wed 13 Mar 2019 10:18,Wed 20 Mar 2019 00:00,VOLOS,South Anchorage 03,Hay Point,LBH Australia Pty Ltd (Mackay),HPS Berth 3
Wed 13 Mar 2019 11:22,Wed 20 Mar 2019 12:34,UNTA,North Anchorage 4,Gladstone,Gulf Agency Company (Gladstone),Clinton Coal
Wed 13 Mar 2019 12:05,Fri 15 Mar 2019 00:45,SEAMATE,North Anchorage 8,Gladstone,LBH Australia Pty Ltd (Gladstone),Clinton Coal 4
Wed 13 Mar 2019 12:10,Fri 15 Mar 2019 02:00,NEW LIFE,Bulk Sugar Terminal Berth,Bundaberg,Wave Shipping Pty Ltd,SEA
Wed 13 Mar 2019 12:12,Fri 15 Mar 2019 14:45,IRON LADY,Fishermans Landing 2,Gladstone,Inchcape Shipping Services (Queensland),SEA
Wed 13 Mar 2019 13:20,,MORETON VENTURE II,Shute Harbour,Whitsunday,Owner / Agent / Master (Mackay),
Wed 13 Mar 2019 14:10,Thu 14 Mar 2019 16:45,SERI BEGAWAN,LNG Anchorage 1,Gladstone,LBH Australia Pty Ltd (Gladstone),Santos GLNG
Wed 13 Mar 2019 14:25,Fri 15 Mar 2019 14:00,GLORY ATLANTIC,Townsville 04,Townsville,Magnetic Shipping Services,SEA
Wed 13 Mar 2019 14:40,Sat 16 Mar 2019 23:40,ULTRA PROGRESSION,Point Cartwright Anchorage,Brisbane,Monson Agencies Australia (Brisbane),Pinkenba No 1
Wed 13 Mar 2019 15:48,Sun 31 Mar 2019 08:00,BETICO II,BSE Maritime Solutions,Brisbane,Sturrock Grindrod Maritime (Brisbane),SEA
Wed 13 Mar 2019 15:56,Wed 27 Mar 2019 00:00,GOLDEN ARION,North Anchorage 06,Hay Point,Sturrock Grindrod Maritime (Mackay),DBCT Berth 4
Wed 13 Mar 2019 16:06,Thu 14 Mar 2019 13:00,LARA VENTURE,Abott Point 2,Abbot Point,Monson Agencies Australia (Townsville & Abbot Point),SEA
Wed 13 Mar 2019 16:18,Thu 14 Mar 2019 20:15,RAGA,Anchorage 1,Weipa,Wilhelmsen Ships Service (Weipa),Lorim West
Wed 13 Mar 2019 16:39,Fri 15 Mar 2019 11:00,JUNETTE JOY,Tug Harbour Lease A,Hay Point,Owner / Agent / Master (Mackay),HPS Trestle
Wed 13 Mar 2019 16:39,Fri 15 Mar 2019 11:00,LYDIA,Tug Harbour Lease A,Hay Point,Owner / Agent / Master (Mackay),HPS Trestle
Wed 13 Mar 2019 18:45,Thu 14 Mar 2019 21:15,LNG FUKUROKUJU,Australia Pacific LNG,Gladstone,Wilhelmsen Ships Service (Gladstone),SEA
Wed 13 Mar 2019 20:06,Thu 14 Mar 2019 12:30,WINCANTON,Fishermans Landing 5,Gladstone,Inchcape Shipping Services (Queensland),SEA
Wed 13 Mar 2019 20:45,Fri 15 Mar 2019 00:45,MIDNIGHT DREAM,Clinton Coal 4,Gladstone,Gulf Agency Company (Gladstone),SEA
Wed 13 Mar 2019 20:56,Sun 17 Mar 2019 04:15,RTM PIIRAMU,North Anchorage 11,Gladstone,Wilhelmsen Ships Service (Gladstone),Fishermans Landing 1
Wed 13 Mar 2019 21:48,Fri 15 Mar 2019 12:00,TAIRYU,Clinton Coal 1,Gladstone,Sturrock Grindrod Maritime (Gladstone),SEA
Wed 13 Mar 2019 21:50,Fri 15 Mar 2019 04:30,LISBON,Fisherman Island No. 9,Brisbane,Inchcape Shipping Services (Queensland),SEA
Wed 15 Nov 2017 11:50,,BHAGWAN ABROLHOS,Humbug Barge Ramp,Weipa,Bhagwan Marine,
Wed 15 Nov 2017 12:00,,PMG PANTHER/182 WSY,Pigeon Island,Whitsunday,Owner / Agent / Master (Mackay),
Wed 16 May 2018 21:00,,SEA BREEZE,Toondah Harbour,Brisbane,Owner / Agent / Master (Brisbane),
Wed 18 Jul 2018 12:50,,BANKS,Townsville Marine Precinct 1,Townsville,Coral Coast Oceaneering Pty Ltd,
Wed 20 Feb 2019 10:48,Sat 16 Mar 2019 00:30,TRITON GANNET,Abbot Point Anchorage,Abbot Point,Monson Agencies Australia (Townsville & Abbot Point),Abbot Point 1
Wed 20 Sep 2017 16:43,,ENDEAVOUR BAY,Admiralty Anchorage,Cairns,Sea Swift Pty Ltd,
Wed 25 Oct 2017 21:40,,JUB3,Queensport,Brisbane,Pacific Tug (Australia) Pty Ltd,
Wed 26 Apr 2017 15:58,,OSAKA 184,Tropical Reef Slipway,Cairns,Wilhelmsen Ships Service (Cairns),
Wed 26 Sep 2018 20:40,,FIONA F,Queensport,Brisbane,Bhagwan Marine Brisbane,
Wed 30 Jan 2019 06:40,,ENDLESS SUMMER,Sailfish Quay 7,Cairns,Australasian Superyacht Services - (Mickdi Pty Ltd),
Wed 30 Jan 2019 18:30,Tue 12 Mar 2019 12:34,PACIFIC CONQUEST,Brisbane Ship Lifts,Brisbane,Owner / Agent / Master (Brisbane),SEA
Wed 31 Oct 2018 14:10,,HTK LUCKY,Cairns Anchorage 1,Cairns,Sturrock Grindrod Maritime (Northern Ports),